Channel_1,Channel_2,Channel_3,Channel_4,Channel_5,Channel_6,Channel_7,Channel_8,Channel_9,Channel_10,Channel_11,Channel_12,Channel_13,Channel_14
-7.673894519722709,-33.8583656628318,12.414477590633291,-13.879416726937881,23.034412546912627,14.820293588710223,-3.464261112839057,11.189320200753283,-29.817447863362204,-18.5429097896806,-18.01881057565293,-20.57349052655686,13.482089583920283,-6.566732836792389
-24.458680165047777,0.7524235953061608,9.5385430982832,2.0187563447011283,3.2782834629396778,-19.76835767685874,-7.112284937885955,-4.824823180571774,-7.075563028698151,-33.90717615417428,-22.46032896287728,-2.4670210580126013,-3.0812455494294255,-48.68717861478165
-8.746835583152281,-26.05326655880411,0.7022548367981364,-8.845533367387764,-14.339661941759761,-1.5729537705382823,-38.26859106653203,0.9724775066837738,-37.880060709427966,-17.39278537392401,2.858442058351841,-25.860668160736374,-10.670393846568627,-7.302778144832313
-11.120600482748685,-15.641101701432792,-47.00485241275368,5.134902518402824,8.369509656021384,-36.86118877485283,-4.237343170110632,-7.111382329008951,21.405607373746026,-16.081249167980612,-14.52176081274373,2.272457190688509,-38.001662524291724,-26.05722354234731
-17.275809655113324,-13.978987596839216,24.101342103150635,16.7018378836137,12.003695302627312,15.397835702311447,-12.596930046923092,19.343562186056264,-42.47198362259495,16.644711409387604,-35.4838539936367,-1.2468447627187418,0.5860231555678405,-11.118198192865934
0.6540846859582982,-26.42017814571328,3.427560848832464,-34.42689916259596,-21.044561231935486,-34.857252923410776,26.36442853599182,-15.513776883444386,-28.784174340373802,-34.68039568410628,3.1914071940285407,-26.743027439161192,-12.664886238307902,0.015527949458350343
-0.7699336913415221,10.66535816666697,-0.7598084476898271,-27.82838313842341,20.467817372794066,-40.3199066076184,-11.137708863985893,-44.022956368098434,10.241541921837408,20.23284234878356,-5.253518734182915,-11.763345119733868,12.538125838065405,-28.219273227406028
-9.962660997818718,-10.511111342012398,12.934713770976119,-22.54017635879182,45.73839962694662,-2.7930589287816634,5.195863993722713,-26.85471551174282,-0.8348254353428147,-39.55171008302415,5.959136566847921,-31.351655066675242,19.122205479750857,-0.3866614736134782
-2.3614307739803166,21.947969367530177,15.174752075843081,-0.7174192168279888,-1.4129896273391787,18.6969475508015,-6.839755486595022,-2.3105137755868626,6.477268775730596,-45.220539971011135,-8.310165980309135,2.2417941340004344,-9.504237456720642,-0.6665874593609412
-34.19992259965973,-8.521044471022803,-18.780684095716445,1.881116047053451,-7.4494724164064525,-42.992930181900434,16.702699096633413,15.749129311091933,-39.88736833044678,6.882359644587979,13.102754369007615,-2.744532620624946,-8.066788621660706,-6.566497960627933
-8.100675639443917,2.8070424320643212,-60.7075532149306,-3.108470281315178,-18.41243254704184,-7.072855451994469,-3.4985170278955815,-3.671834620131648,-25.690345539612423,-26.212950779752294,-43.86521871484457,-3.9981379505998085,16.185578010750998,10.98320855707688
8.454742195531685,-7.176322803386789,-11.35823315944551,-11.098800367898667,1.9329509496132993,-0.8262164930322894,-24.186096256838447,2.060806138531615,-12.307271759051758,5.855214593184684,10.253392914872725,-9.496061977428088,-12.213561466693239,-0.6385147827614178
10.93669825840379,5.01731538456049,16.70483773987389,-21.252627442003245,-15.959704825518475,-28.865275794546754,-1.741016950269949,1.3067602553259614,-55.719257205993515,-21.59846122203439,-30.736300887754865,-30.639112995021964,-41.23771539685215,-37.48189594934399
-8.967722356009885,47.062051509043684,-45.37898711413606,-30.184802239277534,8.960450984907961,-1.5551032379250949,-34.14797790355173,-13.972600664840487,-72.59668853569733,-14.80290209156396,5.261714145576651,-7.752531794663364,29.647377499915688,-6.819881552588424
2.8626686830044337,-16.665420144324703,-4.628774506640078,-48.35990235254834,-10.61510001085816,5.143460117461156,-24.702682669605675,35.24082873078759,-5.861696200944986,-49.937754184594496,-1.1908396710999174,3.4439385862952463,-1.5943973596300973,-3.099579606992663
-4.451166344626757,30.10969212516448,-18.3316937544813,-7.8750851021453885,-21.69592188753046,2.148756538300758,20.79857225972364,-8.123976166688,-16.952883718510908,-31.890702290025907,46.70689839332355,16.015370033088185,22.486378072101715,-4.14482156316196
11.14070989357592,-7.2109975726648665,-4.749761130119823,-4.60703132679886,-22.610535185407443,7.216876989942359,-5.589416831234172,22.62962180065466,20.854767501916527,-7.3483777526801175,16.491898663139395,-5.488918267599842,-16.435803888048774,-16.336215326668373
23.05153705594354,17.650497126172585,-22.537990393169636,-20.452261358638694,-3.5392415212503465,-4.218935766914962,-13.270454374698039,-1.47507085979966,-28.762319207274256,5.88679452380467,-8.534667321489364,-21.939308267880783,-42.706694632943304,-43.11673560391357
-10.033673555473245,-0.4410786687382062,9.390018319229759,34.286030105885075,-14.7270144884671,-18.021410728605,-4.111910417757353,49.848121097019714,14.308696822505523,-12.053282794687053,28.0988609555212,-39.168150745478435,-2.0904211245581092,13.304043733481384
-15.710828627426569,0.4428028251970174,-31.220791693432382,-4.204539793958173,-16.43794924906133,17.753845603102217,-3.445752907739774,-19.504734445627054,-26.15109729676728,-38.8764068440478,-42.170323853960774,8.56150064536397,2.6051158672396446,-21.54097706599161
-37.08263512335913,-2.7496772302181727,-4.156319159495773,-13.711900392415952,-9.746919651855588,4.718280858556285,-19.835972346023897,5.389036239279106,-0.5764468109695542,-49.82265517599909,16.82020141093983,-11.141553801851629,-27.511358472522396,-14.715245352376495
-18.76916412552169,28.84962549974057,13.965159949906088,-14.110405514525985,2.775715917282535,-5.156349757270025,-3.6609050131320537,-18.145196881862226,-5.122652709111114,-12.515283593324986,-31.373366479147734,11.402295254480643,-5.548627027372716,-5.582865009393166
-37.034610679935156,-8.822024012775124,-8.706772075720437,-4.926053185115996,8.469696271273321,-12.584457098719925,-17.20271372077109,6.848166285280728,8.937175316133823,-21.2396829820246,-8.442510803420072,-25.074546314308193,-11.285069888591291,-11.62626544677206
-2.011205377863952,-2.600910014997515,13.673384151522887,-26.492018350965985,0.28933681869132566,-31.565790811608235,-9.26070602331583,-52.65035742165422,16.19338943244327,-30.17251673702214,-1.3091840536583097,-17.326326690201768,-8.552222351681033,-20.14086627825464
-4.889907527120663,-45.6859165370585,-8.262324817152379,-30.83549323192929,5.449415928366192,-50.2073866506296,-1.0617082703467262,-15.140087517934498,23.830778596742757,3.9224802595335455,-39.1938694426485,-17.649384706513597,-15.681006631713688,67.93310874855587
-40.10520313122494,-2.648671427801817,-0.036941030029780435,-11.477427121410617,15.566468981599344,9.554869500864013,-19.78875211692099,-35.231822947474924,-4.234756919999713,-21.4341797511774,5.357279685197175,-14.284356462409564,-19.597218331624113,28.25751982148229
1.4619248632495374,-4.8537855333076605,-13.1616883219103,-19.782465416405014,-15.593065745026587,-4.615883373978778,-14.484608285278386,-16.301082040157443,-1.0460397692628838,-13.348823883416227,7.852914539273633,2.3500301581084915,-30.82495147652372,5.205637091195303
19.750031798979176,-8.9945958741643,-55.86940214513803,-0.5468257952698834,-20.015613674224042,-41.27276489931981,15.427432944383508,4.910664929882397,10.365816545866977,20.554579572607615,-8.458091064594027,14.600433811794447,5.077963303723278,-13.586317448616517
-40.949075287196514,-25.378675107796493,-5.5288228656976175,1.870721102347147,7.457330288442481,0.6132802786508355,-5.656232308523847,-12.986397945626305,-24.45795141705264,-19.564325643732317,-2.23016633364461,9.195047073583652,-10.55899515845748,-11.615633905167757
-2.87673603470882,12.748056190014255,-25.200920700456017,-10.494343872427082,-12.010054514265818,-14.35610646104034,6.967910722986314,6.675051096231914,-9.706528262521763,-11.051538547104027,-25.123730348059276,-18.380186484715693,-7.400250269116204,5.0730496536928245
-19.12624547053962,-31.56703977027898,-33.148986002009444,-43.77422204127743,7.331846562601377,-3.039146920924996,-0.7296425821376501,-16.709167299814197,1.134090500144299,-12.151292611175673,52.51866967545452,-11.31433643934095,-5.725830150152477,-1.7718111949396969
-6.663808627537117,-5.553308658156041,-42.70408775047159,7.41012853851098,-27.295317305349794,-11.277075739974919,13.966663918315552,1.2065771405828027,3.1423068257899174,-12.323574269826127,-2.5751087518840343,-2.7392252258881804,7.938315561775618,5.950773952789778
7.726545098569256,2.057539513058319,10.813957569923272,-1.7148283197797396,11.690145438833776,1.936970261731853,-27.47905136941343,2.4461972415633917,-8.397339656811033,11.460716249178738,-4.2617310588660935,9.872575444282509,-0.3077857092605015,8.39550679675155
-23.830755911191442,-3.096007671214489,-19.697555518219172,-19.120000082506717,-37.308596547286385,-35.227057767027375,1.811134642983662,11.15626287934197,1.106500774681832,-26.278461542469156,-13.096819399977424,-7.998791059917644,-33.21706549953713,-2.7168711920026696
-2.620215754469961,-4.8377681584056536,-8.431915677562131,-5.352941194469917,7.295941688692439,-3.339908762278629,-17.213285599673682,-3.393990369928096,24.139881137405443,13.355362407379362,-18.504822660407587,10.06540659375564,11.421342565921673,-22.772911683463867
-8.669285518434368,12.722469553568557,-2.101263090526512,2.4897373530435396,-38.04071857027796,28.686029585342418,4.05534285096425,17.123242686436203,-44.39427645897351,-28.575268491313334,0.5735032710195617,0.3720940133638563,-7.640115773773079,-3.0059455452572705
-0.1567287707720447,6.3227414993294095,-19.709779453584208,-13.356437369873655,-20.647892895229745,-13.476905600948987,-20.071650077264334,-30.696098763126177,22.70085958660997,-14.092890385766228,-4.7197764402442495,4.876865879378427,-2.4096988187801114,-40.19651055024837
6.139374073008127,-27.66635770162588,-15.186559170109204,11.083284672350695,-33.597206004377,6.639376083449233,-8.894091305418012,13.523370954645111,-20.601494502575957,-26.167040710008127,-28.08318450330422,-17.1794348327314,-24.073067480549877,-5.174851958830924
18.294835452414265,-26.5916276657138,9.736326360678808,24.745065167218574,-30.638793994091465,-23.6000548557411,-35.65638226299923,2.5169610089097865,25.53362728676606,-1.793339810420488,6.231794988024606,9.070757849125922,-8.564331302780248,-14.619793094891376
2.399990981634721,-25.705073291019687,-11.763593627139931,-23.56199507735894,-26.93948649773869,-29.402313894674144,-2.954459329035165,-22.838487615254504,-17.5348754795401,-4.846197581871508,-23.960763087501846,-27.709260842991764,-17.85988015917679,-28.498486622041007
-10.156170762274941,16.4682285416632,0.18786868843504617,-14.670746684859918,15.666881668267543,5.516008353150499,3.480231931182663,-3.8418702041996666,-10.296305845636793,-6.243862810805485,-35.20062078868382,-32.115847713946735,-21.826882794771414,1.5215809916882685
10.279913227176621,-15.639761715173822,28.021058193331584,-14.691911535112418,1.004398822329414,6.863705536322216,6.472979164570732,11.13833279432385,-11.27211175934443,-28.697532126292362,-15.79945932185589,-4.126754534791006,5.64633607922277,-7.365193856694118
-3.2354864806334414,17.904923681892857,-0.8827371532215567,1.9462469444813468,12.145882056837259,1.4476252958220455,0.1854814461969643,-30.89535288197305,3.6466469824818293,2.1676191064270296,-32.553822806587604,3.791738182986987,-17.946596734812516,-32.634731637326134
-29.472904930920343,-28.05036518043782,-11.217426806920322,3.7467343670356814,-3.4726319713447253,-26.034983544271114,-2.4194252662848883,-2.1311620551263717,-2.10163303822389,-1.4702153347674312,-31.71895236613444,10.856497589310647,-1.0839947867820907,-12.018475703686093
-36.39122585750833,-12.728113516775544,-26.957761802354277,0.8604700162998513,-8.040740008223914,26.711005336341962,9.18239219992698,-2.855735403567906,-14.559921482268331,-12.507245338175293,-37.748081333166525,-11.840600907829312,-8.821330841109674,-13.617830581703124
5.421196113100861,-21.672163860158435,16.132633792615476,2.7918166701217486,-8.939654391098923,-29.910338016217032,-16.160965109546492,15.494494915053565,-4.166358022688608,-12.819124333113766,9.083390643087695,-20.172822694761535,-24.166462131137404,-23.87766550405562
10.601614434180481,-0.09885420388616378,19.297788766072355,4.264266137902427,16.593448822512418,-5.351477601877718,-25.753687507718325,-3.904396372653638,7.708061254934811,0.27440755190829874,-34.24461261966267,-0.6110538953076934,9.847192925530361,-1.0291485818703299
-32.87417051915758,5.519604398714448,25.70404960629113,37.99100571157689,-44.04972194881946,-34.064996751929264,14.375526591295557,-13.095920264946162,-21.592457022027332,-24.015795554491746,6.481885026370598,-24.88987451870579,-34.692124565317165,-23.69117815903116
-14.238688589683223,12.015942212416398,-3.383352901480468,1.2939195485273867,21.111093112621088,-22.89208781581656,-41.194730462192226,5.13830169549937,-0.9804637478622892,5.446151505511203,-9.570822291298121,13.165512230127357,3.7578192163043567,-18.75379526635219
-2.6766152753522063,-35.92401680260746,23.648816103405043,-31.329525828304156,-2.5255243080864487,-23.27898091056681,-1.785665715004311,0.06775772165456426,-58.97127837158707,-10.359487443019766,-4.615599709771061,-9.968009325391819,0.49310567048214143,-8.878051245077136
-13.480818428201728,-1.4154839708574611,-32.7074531990924,-3.9859238672945687,-4.747055080878247,-18.764061704118095,6.796283539944938,-14.070084751848452,-14.553535598415431,3.2483661040138383,-11.692419633765748,7.643760770762764,6.979428542468414,-13.11777776368385
-8.039343173214528,-27.37727710930503,-8.915531134139737,-11.61376200876353,-18.711419188476185,-27.062916002138213,-19.125704562956532,-30.47327470627155,4.482519874950488,-14.728402129051155,-9.25137333922428,-29.285810449950258,-15.955668837582987,-6.7589651867671305
-7.027452946518416,16.839298176836827,19.664483438761035,13.840193852538901,25.72094755228229,-11.628550441961398,-24.413438938442404,-6.072233377429925,-29.41609536199739,33.812180059546755,-3.067034673550243,-25.143525256666155,1.441097079676279,-29.443892416367646
-17.775930900934632,-14.267895344918266,6.000300117994265,18.661543870443342,-5.525838762467462,15.208874798615362,-16.964521303713056,-7.34560362664597,13.18854745826064,2.6278791257429424,13.075285554532135,36.24193738393353,-0.9083332130418243,-3.0306488731994503
-9.127403830437897,-7.859015684986045,-23.121036132132005,-29.654584253153374,36.25137934573938,-1.5058167312012254,-49.764105906808744,-4.016246007409992,5.970693918161452,-15.824352137542173,-2.745678467952887,-2.1520395065729074,-5.156299411710481,14.703540126920455
21.427181569605207,-28.041565498544198,-11.836602704030978,-7.041842040595644,33.10266169130593,4.7153947239480996,9.120109289595552,-20.058023064504965,-9.425097931686125,-4.648801110057337,4.059447213137711,3.6844043101455863,-10.698625896467501,-21.417095867351566
-46.544252979253635,-11.267999030880924,-22.010018836733273,14.350208576940908,-36.25172686285196,-14.43232693350498,-14.555081042170974,-15.4521104528155,-2.076504220069678,-13.107806565276698,4.516417290306657,-7.3288806509806825,2.435481613610688,-17.66084708334592
-15.029136875886332,10.853910081437522,9.273499374241167,41.183235524344525,25.921292238256566,-11.830268128108992,4.329611909895214,-30.497100000458904,-24.71552653180615,27.898167582452523,-23.77578816253637,-0.11229351382802605,11.263700451076545,-3.5359559800915945
-19.27736403637072,6.00190934506194,-6.137148589282617,-24.866008262965558,-17.815906336082584,28.416753629226218,-6.26239090143876,9.680009311127874,-8.798030626006351,-10.451841136356823,-37.536635716831576,-24.28529758609352,-3.8588306964653936,-0.7988769886524136
-21.245052205828472,-17.83437883511337,-3.1825809739012088,-14.468075065798283,16.475975924004526,-11.050974029541457,-18.882515632947975,-15.686750153028493,-12.30758396693175,13.150743885551593,-40.794768380346355,-7.09257086539294,3.3169443401987064,-5.967163239188188
-0.6909335827660158,-18.995024004618614,-21.948080593037883,-32.08765042288894,11.04408961818189,-38.043812775430304,7.3810780532942655,-80.04801448501028,-25.484801400846457,-49.52477067751414,8.678452928398235,-23.291470449085274,-22.927084375577973,-9.381828489109202
-11.92868372537598,-2.7546284838728208,-25.51191076208692,27.80538590671669,-11.084731313283678,12.859755893003529,0.6952465021421422,17.681364088324667,-23.488011621122318,32.59664487294735,-10.266678201712196,-18.30606347015425,29.665275678451263,-12.724042336133877
6.3031047294326195,-6.0340368975860805,-3.278551575043375,-18.10287894431652,4.793941767264283,6.562934365813161,-26.94404865761509,-14.90950114504082,2.298426180533362,10.797472927511897,9.760303442708656,-5.573788622644707,14.860809438947845,-36.94976341699376
-4.616206453865141,-24.22069029827705,4.062153081138632,9.771294575804715,26.183674640081392,-13.559285067650592,-13.449739381823932,9.650191286907312,-0.7639453367972,-25.96817422161232,-11.133375667234292,-17.05275896895599,-18.9963883047062,-3.1010938497437914
-22.8283577237985,15.06537777162478,-0.698511768860362,-26.31616681139711,11.584824295623921,-24.13555522674397,-36.08168392070672,-12.047942066624797,7.9313508206474985,-35.478178342607734,17.42133061011164,-64.2139896068376,-6.201585230090846,-28.383483732317888
18.787246310390735,-25.72226481493907,-16.721455387420306,-5.440608404903614,6.707981632574499,-12.147770400079827,53.51924229422909,-8.143353011617716,-0.9030423149726275,3.2406047255517216,2.53400421852455,-18.94289656008731,-12.628054332577324,7.456302951340954
19.303913991467134,10.45855771262996,-12.932209777713148,-7.856845209942136,2.22574049483171,-16.016540818566455,2.094443102901605,-32.78629024403979,-17.321518474236623,0.8843551199522838,-3.017699131416773,-11.005695296718022,-52.46881909024329,5.2038003643897675
10.402623123155484,3.354122746257882,-7.364348033922581,-40.54189984575452,21.944721476762123,-5.3935624075487585,-50.26002585200468,-16.660687867128637,7.988412286533999,10.375470050333435,-3.5571399320223085,-5.969730875961828,-16.65449823464747,-0.1851298200961143
-25.473438140119192,7.50335053089586,-21.995273374197087,6.86940319787656,-4.905975973238194,-23.183755591955066,6.778206737997093,-15.101337075977021,14.769061302492062,-50.17245239732574,9.859456703424318,-8.07561579790828,-2.0180282659894635,-42.821906912849315
-25.294382283989975,-12.800372683872705,-1.153997964056866,35.98900820821825,-31.243488410311727,7.151761683770324,-29.55710985380506,-23.996370233612364,-11.068119199468319,-20.571013444019062,-9.287663772918282,-18.096811205712754,-17.30148647944418,-27.79795189326799
-21.3077251392351,-1.7110782167195788,-24.308152321346864,-21.291590197606045,-50.31378828533679,15.53267082872064,-19.25587862531525,17.68723914605248,5.06984475432914,-9.306378121014637,32.15895118960079,-22.3067870088748,-43.06628669166502,-24.982943432902744
22.886400732793877,-20.33360144002303,-18.555836568351488,9.789844468715474,-12.268891184254167,-13.87375190881319,-9.090981298150366,6.148799423487879,10.313133964629477,-14.828033503513339,7.889985789562609,-29.564743129532413,-4.908047840502116,-25.852009239369238
2.1253568237714795,-8.383795376379856,-4.033511210070463,-35.00895656279722,-29.814098363659298,-37.168970282304635,-18.577286182410212,-2.519751588600006,-23.475249910645903,6.269959834010229,-12.294052595628509,16.067869612990428,-15.098481144484287,12.372565480419608
8.004129988712,27.34899673092891,-2.128187145847715,-30.014131865809688,-29.746831117696622,-15.611266601615052,-1.8986347961505452,6.49632058546214,18.88329102081243,17.18320343111386,-4.992905850866016,-35.09551007827327,-31.74790111369954,-10.359916162055779
-14.520445992707495,-39.233079592568416,-24.057097671907062,12.33010380253905,-23.61512743652926,4.672976960168517,-10.447352066232963,-4.589784759852572,-23.954588071775277,5.438612428891564,4.592563432545468,-17.3886536396667,-41.647023944214084,19.545093014089776
0.49934618183135365,-0.033606910186633726,-21.936324556834812,-15.622860544461028,-14.527945996991354,16.53246016860117,-9.866740621421986,-3.8255949409139376,-21.585114497555434,23.783081325425716,10.177087605098516,25.219000811983925,-33.30845679328812,2.8353323590650676
-30.039855050468024,-12.10280864134175,-6.866757969306281,-48.042190574736836,-22.50345921659739,-25.290401929734006,10.330095192319748,-8.625968300493275,8.965846277547122,0.4995986131957324,-15.014789201118141,-4.400349274416972,-0.9531592706652547,11.285298801168917
-11.482328572415934,-4.5847220500365715,12.522005519082962,11.418670729751918,-11.15803371309019,-16.399996971523375,-1.644828473460038,-6.197030343511247,20.71580868736457,-18.515406761144146,-12.132177087821214,8.643792764348884,8.695930616884832,-15.054130340003507
-16.73047314114283,-9.047443056872307,-8.647306723436849,-3.8881246207066824,-27.60085317631959,-17.25285770732249,-37.937471953085094,-22.980029802844033,-62.210084073665605,0.16478681092244526,-11.208488801329652,-33.027019707765994,-6.014549920054795,-17.501588722768304
-27.152870889821035,-12.291675660139937,-27.684747115404257,9.30412180647782,9.98640691671601,20.17173940911005,19.817192310953136,-17.792460221170593,-21.762628171012487,-25.935863121786706,-12.31889995533025,28.717906292751746,-7.656212887206048,-9.112780123731019
5.77116743571571,0.08490271996811122,2.944678801203462,-23.156621251158477,-6.879324774627133,-0.23211285576952892,-9.282270889823579,-27.464583246286836,28.12786568940189,-34.60811547907416,-13.67285938895801,10.377724405774142,-14.2518028370324,-21.18123431121741
-15.159240832999126,-6.10715736548955,-8.379609711332925,-35.94070619598935,32.53954619991945,-11.934888201928887,-13.042294296396356,-9.632184595304192,-33.251830462790885,-1.9824963440773993,30.236406744866855,11.882514804859257,-5.5637757586170835,3.424722138068403
23.058380817054285,-34.11469573937482,30.383948934490885,16.653791724918097,-27.759533254853004,-44.563992973352924,-1.8768313859784207,-6.055692788465811,-21.33216370280473,-16.394159285904983,10.188385684382753,24.29564665615614,19.40584730238682,8.449895667493276
-0.4367832333136108,-41.35220586982381,29.324941034302643,-22.825477548679103,4.305732619682503,-77.2382714599499,3.868409418536641,2.2763352528754095,-24.922313908606082,17.748418925398536,-26.320265592088152,9.122302137237881,9.048448873025901,-36.787196719473755
-4.002824346577724,-12.946196747121375,-12.88612505748279,-27.29176200060582,26.101626988844707,-18.922587334448927,-5.634173960246416,-17.761039545994304,-9.350606237606172,5.7363455639864025,-3.539958587768577,-11.746883037324793,-10.486473366181505,5.641754837795146
4.624992390626568,-22.49329075555235,-40.69800002810745,10.425619827501441,-7.743435382690125,11.259701466011792,-30.33233411807781,-45.89133398839912,-8.896568175024358,-18.95975535304667,6.747441641084456,-24.11957645655714,-9.081996871280458,15.407450900107724
-34.58882720735905,-1.1007359582143161,-6.819995535595631,-29.22679872197462,-23.947615036977812,11.1394126571891,-22.46963712246438,-0.9927174815329088,-29.42573688148274,10.604329359985263,3.8340937553708687,-28.007649584848238,-6.59891661641286,-13.03468487624987
-18.102373462947178,-12.735706878456812,1.0982989650655317,7.283834394361074,-12.130411698087661,-4.049541313802804,-19.566071339979757,-30.328852284336783,-40.42325080375866,-16.746600168694364,-4.556630087871806,-4.311422400037018,-4.2943345449153645,-26.18300936778937
-19.51608846179198,5.887225256363261,2.8227658559299265,9.429721209198833,-31.228147659392683,27.855886107677414,-3.6603600087402377,-4.263267794183121,-8.407832633590699,-11.33266018644705,-3.5095847313713544,8.419935723812848,-5.150815168499618,-6.495489535647814
-19.41422386771405,-22.79101082953597,-4.3530157031396906,-1.513099337328209,-10.230142902273066,8.471511565430596,-10.777563606652004,-19.11597853062098,-29.557787787978828,7.242108590825679,-9.520451362230549,-19.1343788158042,-0.0677964773104199,13.69375490154643
-28.05596989905264,-18.106245982709876,-15.691490438954586,-20.390876723078744,-34.000280369541535,-9.658305935021001,23.890257826614068,14.889540591066831,-17.285744363594997,-5.091640138083475,-4.471410806742876,-36.3140527762999,10.739905965861054,27.653639309291847
16.702081166157743,5.857930956739528,-14.794456638482183,-0.775454993582551,-11.984480405731992,-18.020803736853395,19.250219359709114,-23.471641212846535,15.649536475399128,-23.55433033348993,-27.495446647414642,7.859853740134539,-21.54923688669849,-57.01366459543589
14.467142242778966,-4.104737573147206,-15.048596927539958,15.231513386751237,-20.7266181518264,-28.13351948229223,-1.0620396662396752,-0.9003271681226891,-26.502879726410384,-5.010866948277521,15.335668571680685,-7.323924493623954,-5.11281763102821,-5.927432664030209
-37.25722593206328,-15.92451945496838,-23.848979338286675,-6.18258370789387,-7.010480305960761,-43.81302426809179,-1.263230053474343,-11.399859166610103,-29.96189004695693,-0.3444662773940077,10.005544360511168,-6.907219095213352,-7.996335529662368,-7.533030148377595
-10.570785802795246,10.716655720590817,15.732772485694369,-34.851819011683496,3.789797418711286,-11.411914481904754,-38.17119976096168,-13.632938276555493,-8.846757265118203,-22.413435887761786,-27.24290201190441,6.058135784274857,10.457361037216947,7.667070647499144
-7.753019389952029,7.402393352937333,6.199087850310733,-4.545439708756921,-17.319692727956628,-26.727165038164458,-23.75942757441058,1.365527015777655,5.441879284359925,-7.280864747699904,-12.298816247282382,-2.2549637479857947,-7.110789977817591,-19.177564227306107
18.243460493103168,7.121376069855928,14.662398687732496,-11.009131952484502,-10.797489946370371,-7.951056341240608,-8.265160787778935,-9.321637383532535,-7.023425299776376,-10.395727453005735,-13.027130275991476,7.931408491835527,-6.627151517941062,-20.89244436325046
-36.620262578749696,-4.566834462376442,7.563431952804898,6.79004518373752,-22.296017382447562,-25.710212171732742,4.3488013771531975,-23.031108069039558,9.372671039203624,-9.90649940500837,-25.524859207308626,5.449107714760687,-17.41402457456437,-18.05283185125181
-5.588948529815894,18.04031215750858,-19.15692074298901,-7.591857270936844,-10.836932021151492,-3.286901433742411,21.624136805182694,-30.113307786420386,9.541109232112618,-10.381850214624217,-13.715889858308554,39.748747772803725,-7.82792610722132,-34.79950571962315
-2.235247362285595,-6.176349497043134,1.353208617431776,-22.744589474049903,17.890935063828593,-20.852750903667665,7.221964682880633,-11.363917735160262,5.033997992135868,-15.24748055160881,-18.935259888349393,-3.0634056858113303,-40.951234818322945,-0.14976831389331338
8.82315299897194,-11.85949064307243,-7.640076200456117,-25.248264680221055,-24.51476872955856,-5.692542713163167,28.79156219430188,-0.7914192276270519,-18.600190712840554,-48.91623336778129,-27.335634999243897,-2.102224849612368,-0.953475489262826,-18.35658421761593
-58.739940342914366,-20.18265571000534,5.887952946055144,0.4436432854551572,-9.015588458304649,-11.29427320494866,-24.25263912795206,-5.637028904915524,-5.468875871793686,-15.152171776972859,16.275159861089698,19.56622452415122,8.738306520940222,-21.559394184529463
-27.86368958457379,17.199502724424846,-34.117003635405055,-13.175912333185327,6.472220898552953,-20.365383854047753,0.9411472346240153,-9.234804694962236,7.006544766186835,-5.062794841962558,13.427394860203616,12.718227526921314,-53.77145201017772,19.073039314912908
-20.834245190098688,-25.04574070481802,-32.80637587134053,-5.15103746451796,-1.4263219490353412,-23.974190415056935,16.404514542167977,16.490957214589116,-9.479906054159144,-21.629414662821464,7.652986473687566,-19.57781690920081,-3.670807984476443,-9.483773386264525
-34.8310625468441,3.160621728375554,-26.81205570158294,-7.262427624407704,-7.097561963743065,-34.97735063734445,-13.156356534287953,-16.918548897889103,2.470872462493576,-58.79721107661175,-38.13070536737619,-33.87540108281018,10.679364952390022,6.282837947974141
-23.73363269268097,3.793865966278509,0.2823485168367178,-5.585009925813231,8.666143632519642,-19.70809146388444,23.248196605489827,-16.07097445321922,13.49855151269403,-22.82066006621847,-11.84808371169924,-27.666984243686617,-9.270120033888814,-40.709376667652606
1.0816560945920957,2.1432273256792658,5.434401148159852,-10.306380300063688,8.825756377215237,24.843082229520085,-24.629297833009133,-9.189795139591496,-3.913445224558095,-38.425380168500666,-35.674638234339255,27.33392381150629,-19.131576277206335,-15.441857201619905
-16.10733900333703,6.00122464363685,10.98979822427507,9.478122394218177,-9.584637125280576,-21.349755365046498,-2.058456675170586,-14.285667873802932,1.4787552161302455,-32.38824631313363,-17.753431840849558,52.05565928343984,-3.4884896862848094,5.662116569943861
-50.74181570048744,10.398936312165999,-30.376697152756694,-11.751500238565292,-9.51591608036416,-24.402957545794017,-15.416381757792866,-23.119779566261105,-0.5705450793750872,13.687494375908562,8.980344534951543,-24.33918826852957,-20.506427311375326,-16.231928822034753
8.536624272414242,-23.69484786756618,-19.08869370191661,10.66395881788078,-16.529316036698763,0.16479748785243967,-10.7793968194373,24.271438302396632,-18.240768616450307,-1.4572734330630719,21.413467510850367,-7.442625814294327,12.375355016429944,11.219801234307639
-2.0077068832267266,-26.402609993338945,8.921411994399529,-15.154044264016065,-10.93486698164051,-11.343169712347365,9.207275836904223,-6.802240719993046,1.4512597040402915,23.487212550681143,-36.29919135146881,-23.10222921299448,-28.661909398100757,4.987092518002992
-21.059362788284975,-14.215464031032047,-44.40065491292011,5.104381450834711,5.294891268905835,9.89127164090176,-25.984503085446477,-15.634495970969867,-29.15440079292188,-4.887219403073773,-5.277881591581582,-6.794730524903421,-7.4011431536833205,-17.924181230711806
-8.439586408468232,0.10691521799998686,-31.921154876712645,-5.06244723885418,16.489295705272312,-3.388031779315241,2.463390360391764,-9.381471652753719,-6.687384885561028,-12.96737123661388,-22.458556724383058,-7.601553887049871,13.862339018721892,-5.741299079686987
-14.868205107669827,-12.537152147433083,8.424065055316847,7.658651757088684,8.123844641739172,-7.427806987092227,-14.666603856098641,0.3928320111182565,-0.8852837429110715,24.46986024248369,4.995022739342826,-18.042329097730764,-8.14206170825483,-14.872599098039816
9.040373865266016,-16.471614993070137,-6.432632785974858,18.372719086260233,-26.604032951069463,-22.11009755852581,17.71764041640168,0.5142944458620275,-4.928575678014017,-28.506016378390402,11.967776605649671,15.056408568557538,-13.780137982975313,-5.3107010061003
35.64335011246997,44.43647819452406,-16.51451265108459,-10.505899792801154,-26.141610661746174,2.9483923881409972,-34.92766568170106,-19.50546638254181,-16.65324750677335,-22.821317712565854,-0.6067189430622174,4.656010522946123,-40.638363561474286,16.06130542251293
-18.255632044563452,-7.6344472886245,14.740843383040874,-11.383072539100823,9.437129676323437,1.0412618643635556,-17.032546774695327,12.592164710827506,-43.6209164050518,16.14018615506888,-17.82201851257065,-35.79308831552564,4.4356912128491155,20.09193649393534
22.685930188199578,8.958004439533042,1.2476142589878538,-11.445202150962537,-26.230800774255034,12.759896206573101,-13.548804200124554,-25.304437756004248,-26.23098232131827,12.873144148905574,-11.746285011864536,-30.97253715789552,-47.511823404758914,-13.646075390305617
5.360115914135348,16.299137925018627,-15.97014140413192,-18.343945171741634,-15.038922437706136,-22.992333211031994,14.37933467772237,-14.37591709877745,-4.556988099911687,16.937990697385395,-18.94859291756696,-38.80822427846038,3.726267038286346,-12.029452683216249
-8.957365356710152,19.801475223006367,-11.435801032916306,-32.44562326342724,2.7617945748879875,-12.214520233569132,5.822956251242574,-14.945311109545452,-14.634932555090499,-18.417261396572975,-13.538431929216303,-12.624535386592747,21.669124874072775,-14.26889426242848
4.571128381092569,0.5755445606353063,5.6973102493804015,-8.187559292876125,-2.5780312590575605,8.436020777219182,20.046467883302252,-33.841941966646445,-17.5867251091044,7.521976818592755,-11.762740809662382,-8.34752847858375,2.674343621986385,-29.947797310563104
-8.7717375271113,15.793000075674673,-3.7114771956509376,-19.16871124296296,17.45663739360019,-13.334334410853677,-13.336267552956402,10.415842063758303,-33.1471299547268,17.86560556978614,-14.494570438223457,-13.01166583773851,6.8720184781731355,6.6355227303359605
1.6237221699026958,3.562635001655808,-15.98487261571379,-13.711551413162722,26.043273886549503,5.659723605807579,-0.13940318567195173,19.872867934604855,21.839141751345494,25.580309660585986,-25.653628379058887,-5.963963266166759,-35.97305012766059,-14.67938463621042
-24.333749292056567,-12.926012813839419,7.585884731712355,-5.056484313763187,7.2687969453883206,-4.76558262492595,22.609246968085387,6.799289650289057,-9.33543309128971,-24.576828164286642,-0.3205846465688192,-12.067727756455074,-12.5927959846864,3.83045185561715
-8.886047355143003,-17.92809299454345,-14.90395567441608,-3.595101698911012,-9.400652655749987,-5.620850194191034,-5.0303129766015715,16.853264387078625,-6.796542034506191,-13.18771823543324,17.917366357479853,4.493366752245665,2.4564924811569124,-4.453322574725359
-9.68050212404938,-13.280444320719239,-19.286671174452184,-22.819749144506467,0.6574626465184678,23.10620788239897,-16.527999562336152,-3.622284450541379,-6.455896046874883,-4.706043100119893,-9.90633321535394,-5.036380923227124,3.767370843703034,8.672381471268897
-7.2440990854051215,1.2937891158835644,26.3165773435129,-5.605847380418199,-12.802433611781549,5.532761497169496,-12.152698337413854,-12.684969332233381,-22.407299424186682,-7.633733227821891,19.714778687101806,-2.475332631887069,-1.1824061349979078,8.042280547566854
-3.226736029127866,-15.235134249743455,20.89864226692168,22.236122512390416,-6.574124835990266,42.88837070904572,-2.051125678839843,-20.900739276737607,-15.770710612213787,-3.806449600367366,-20.818794656669024,-24.393433934337303,0.19003237400702,-33.170129666993866
27.6836148228559,-19.395225497772607,-14.263259274864536,-1.273521164747851,14.686841212422276,3.6661024950950933,-20.38857282772488,-17.36609023929835,-23.723491183621718,-20.145251113575807,10.065671966069111,-30.102858278233317,10.275020501742935,23.17244690924236
-26.647925215906174,-56.74294308833965,7.637552887291608,-11.730443385199493,-7.219159870449404,6.205139396857632,-32.000422229718204,4.076255273442523,28.936184650320584,22.0004275778512,6.682508903031382,-43.191420183099105,-23.04123601947499,-10.869673385772977
-11.479699936331372,6.250697944305361,8.29548036410466,-13.176523977909461,-13.994912168168439,10.036825959791264,-18.045224106207826,5.281961917414712,-3.285936806126495,-13.573094371887919,-29.69655143091329,4.61668839519285,-8.252711355961821,6.945590242075185
14.214525367448775,-10.225893812163347,-21.493911414170558,40.83044424849245,-36.223167219544955,15.106799794930572,17.67229297309412,-12.388736930211895,7.527258595913985,9.852962106149429,12.791726516589355,-43.98369333518361,6.377705002362412,-3.308447008524615
-1.1503702904631739,4.804636717428869,5.301953832978218,30.31479628240879,28.852261199665563,22.160754619327506,-25.983279291424054,8.790144074756927,-26.841969984726987,18.226656108585484,-12.470439551507917,-32.777317764319626,-8.428706415501695,29.11506665679717
13.436119149749274,-0.9610928043466,4.2989379922617434,-20.480427737889308,-39.17421014291924,-25.44421830095799,-6.967834074611896,28.514181080560018,16.327461847208404,-15.169336863316069,8.69581589390973,-31.25398297485053,-3.1859293141046883,-19.2374265547105
-7.862275164872697,-13.003124599779786,-19.69562164035476,4.686951277583789,-7.2185596149904185,3.8115942088143426,-28.51124095010712,-43.82766698862547,-3.75365290980101,-14.789127153727792,-7.1906827250986005,15.604129637181364,-4.180490649892222,-8.111484304428208
-8.798358260305347,2.6128484789603745,-20.544967091725287,-13.06482854609955,-20.63303055914283,-17.37403938506381,-19.66774252945958,26.568631857453905,16.904492426146035,3.988873207383035,4.080572518260243,-37.54672445201391,52.998738162648884,-3.464927762841281
4.293667207124071,6.107471103929708,-7.6594769099234945,-25.994071697972846,-36.87527085797869,12.315117802914061,-29.948069083988045,9.433825359671742,34.27543303145981,-5.705783268682617,-3.865732385992496,5.499765874094435,-55.21281223415745,-29.544542222767365
-9.639218844402897,19.17983731245462,-11.619271580881218,9.580778683470387,-4.754375463316674,-15.2177659963633,5.16873688241348,-14.987344580615627,-10.884509057263553,-12.487724481667046,-19.770207264312127,-21.819647786132773,-20.918110137976193,-0.2578933065155175
5.740834937791113,-5.238765578678853,-13.628074856762487,-20.219610529789772,1.3490354133929452,-12.544257792497172,-9.059023105526164,-33.38063446404627,34.171400187836035,8.373612879593397,4.249167008454215,6.989548055602091,-5.009262392913807,-6.558913061744246
6.250434646696278,-11.50257166333619,7.610493260738408,-3.5163813819776357,-6.339886600848642,-33.66645860832505,-8.45710520383319,5.609095831374817,-61.4927905462275,1.699675688701419,5.681485065266889,-4.46837737792811,-7.75325550648864,-12.158414603846934
-40.23175227281242,16.32307238416339,-4.362307378682543,-13.255030747238857,-28.11432283129359,-30.32143784385611,11.100879632726267,2.4456218921990915,-25.492995463172807,33.56524371428012,13.441045652010619,-26.193658321395326,-5.054497002109357,-5.927729865756965
-35.02508792074675,-25.449476729522807,-21.833105302120565,-12.265436130954873,-4.301292794798594,-4.069825180465069,3.826248918136921,-26.15748814906552,-8.477480823555108,-6.606488445529873,-37.36704430831756,2.9967613751109217,7.987932513931197,-2.6855560936212384
-21.85655291687289,-14.737062062238238,21.830092500467092,-25.602329365523968,-26.04159909236291,-5.906069512570964,8.908309094526592,-21.445945318489912,12.434054582759982,25.663649056211554,-8.947038173436923,8.604739891428371,-24.419095990818555,20.561983225536192
-38.99738765191062,-3.011580101649306,-1.125044305797837,-23.350306089772975,-3.718401527168183,-15.327244374853462,-27.884319503602573,9.9436519487624,-23.332955483258797,0.12212155735350526,-7.829764758985537,25.50645186554209,15.289964948105588,-2.6507872169563655
7.464124744565807,-16.3027812092566,-7.018804649585216,-20.68352761387759,-27.13492448853285,-15.206549896876368,-8.591121972526844,0.44416029139769647,-1.7128646024599725,-7.2795373039946485,-12.023684791484241,49.16240746114547,16.76392455903795,1.676394142032226
-39.8821951789116,-2.9658616044022703,3.6604463065657664,34.90319729925695,-5.453210369015056,-2.599346245126877,14.416339939946877,-5.929671471333907,-43.46213112473361,0.4519420646486596,4.6967859997386565,-28.2453433702982,-34.966007465754686,-23.659697188590794
-15.21037129749115,-3.632008630325813,-44.907258479440905,-15.664298643459713,-0.8813397818156282,13.047050446691289,-34.44693667749331,15.205175884952212,0.05931206328051488,5.154479411335947,4.241371040479992,-10.63094446848512,1.8484649063062089,-4.998472755972295
-21.845526798453438,-12.230373116167767,-12.609949392175002,-27.048471166604955,1.854568685658297,-27.365826477630506,20.94481341708215,-17.23265377682255,6.264913993109864,2.8006485817335176,-21.194036556588802,-7.757173423058755,-6.762297645781772,-5.3365379018016945
-26.990415826561467,-16.444761998307794,-32.2021944680806,-24.80108341647809,-18.27955038342278,17.663462728395032,3.330162298431774,-28.94615184206487,41.57975936212032,9.939661085573524,5.4086446198583715,-19.49080796891843,-20.012378070130104,-12.350386153113389
-12.570417095191475,-7.609181607796664,21.082127684240916,17.543772774890815,-20.014119523276918,4.488524867080743,43.320842788264294,59.16304311042665,-4.137385039502337,-8.541924118814105,6.753432728288116,-57.13601306942043,11.819719832128495,-25.645325948938098
-13.476974460536622,-12.154560190934799,-22.95766084787843,19.09092784270786,4.276141868666252,-16.191562484034,-17.676491509608883,-20.908776349353175,-30.88602250478858,3.2200116171949524,-6.303372500896801,-26.485803348042467,-13.46121337030577,10.38429647656873
-15.288657957159005,-29.54463254914913,-6.498163944215922,-10.722849773029706,-41.630196281171855,-7.136022628141106,-17.213483804458672,-5.437696204966302,-2.8914175374212587,-0.20394480477210844,-31.661901347804143,1.1171185663813836,13.471544585494614,-43.80734027955763
27.83217235245052,10.261438206268965,-8.207717576022398,-15.385701704983905,-66.60145848176582,7.4207305062940145,-4.963248024917732,-16.381549869682992,2.298036980892561,-39.98602186309442,2.6318469432756717,-9.191528626264516,-5.65089629642895,17.443115541999145
-2.1739444629958835,-15.397866684149673,-2.0707587740491804,-46.33766072522054,-15.43450908746357,30.011410644389365,-21.48329117973227,2.7899604852992366,-10.268158548213469,-31.040550234683387,23.408693598480035,-20.111677924855687,27.396985960083768,-30.08047211274029
-13.837082737331038,1.6179865768603763,-0.10702642025488181,15.335623641389715,-21.875533251225324,-17.253328317118406,-9.42452770084488,-7.138722865649584,-10.027816015962157,-11.931596464567262,3.0409915940107783,-20.720168678425008,9.544477374023153,-11.257723565616065
8.71219621273127,-38.34700690757718,-7.151280587996362,-10.423787026056491,7.718978316418533,1.8075549132512723,-27.71091947859685,-2.410689610432773,4.36601807941769,18.1407731787752,-39.0952553213194,-15.706301219943146,-30.25596875070309,-22.544665235462237
-23.823176801924298,-17.57144248676749,4.148265888845124,10.104839717483856,-18.61004276502039,19.42876291998054,4.303857255509241,-16.896018323553665,-9.689176980239676,-4.25670361156534,-43.86802599027446,-22.042352936555222,11.931988405768339,43.85081970401151
-8.672978381103942,16.378616939932982,-23.057500174365813,-46.257492738854914,-4.246997206394657,-23.960387823383744,16.17925929367303,-24.47343791629526,-42.33179780913836,0.8104565385176831,-14.264105078390177,-2.062140492051915,-6.114186813875335,3.3076964112960843
8.683356846529769,-32.618947269986535,-14.738994891857434,12.403675303440078,13.484581994336356,7.562789198531252,-1.666834694568097,-16.982225303841435,-0.3272889314501489,-0.043611892415183595,-26.808959788586336,-7.930718193142004,3.0508115972217746,-23.33433631155268
-5.800127956692033,10.826325471671876,-30.742949545073273,-34.8068609641005,13.147712433779157,-1.0410454290794338,-34.61981942769836,-23.03386657299837,8.150183776890252,-16.83465118098002,-11.550553866878424,-20.42595759509388,-27.35263630287662,2.952892221119086
14.121318971346113,-41.115433461833504,-34.60257193538027,-5.51813220745896,24.946174816285566,-26.926410150208152,-6.4587551644515555,-5.173203966529144,8.671011311213137,13.10761013324997,-28.245260031681543,-4.949276124410428,-19.08137273191445,-41.02625073253019
0.5888695547911151,-19.226719298196883,-27.553223703407546,-31.737228916399175,-0.39541046118320117,9.240504441140713,-7.529962316628593,-13.571867050639174,1.5776906903618828,11.996441879860424,-29.314821691024658,-8.868704422232192,-6.121874637156862,-16.099175703226063
-6.443998670321287,-15.747974613114733,-0.9382505491585889,20.436493292009157,-45.755384719948474,-11.914362803962565,0.36288242970265344,5.642308585345947,-5.863242687331241,-35.0603347883054,-22.78824583432713,-3.90589280346564,-4.22413619157056,-24.057435464934773
-8.335994008912056,-13.848114941202306,-11.76450569563767,4.010613286432264,8.829877839395346,-9.256752797508224,-35.09972464799435,-1.1192394141912085,-15.5950338785046,4.4972320234751795,-1.4342505779923778,-9.003688399491569,6.3757975572356935,-34.18826168511222
-33.5672316975888,-13.299281500511517,-11.9163063151017,-10.328456656925624,-16.49945638808488,3.7428049935108265,15.849430949401647,19.445503558270868,-46.1246244128806,-15.136208471037449,-11.035448619930124,19.164895393749354,-24.629709118373643,3.809576609786955
-24.62054746544809,4.421859453116072,-23.324499944366195,-33.79509220224477,-12.577234209013383,-9.696623113189798,-7.764286002534234,-16.980276758580153,-21.332542641004405,4.803926185133745,-10.570379365660688,-24.29561763696229,-22.20231265664022,16.051765568880345
12.373279529102748,-0.26775530733262476,-0.5877360491462401,-0.5898209398825318,-2.884024158408801,-13.454093439437363,-13.972095596150728,-24.86491984103222,-26.079502063440845,1.7344070986098248,-14.185119025905243,-17.33127394318409,-1.9613882490239343,-14.957478921634303
-31.843032412347153,5.950415222560221,-16.300216337861265,-23.760393944607923,-37.070234010692424,-11.346048477093815,-12.652749992814261,1.9261479549823943,-2.7667835011881765,12.059589009716147,-7.754926752270518,13.830974150847066,11.79559657748445,-28.11451484284449
-25.911052811844144,8.677108430064282,-3.5215794754076133,-0.4650396280747198,-7.244575382071352,7.113586796795236,-3.996783771048233,5.489745431478602,-6.122788166594954,-18.55978319334721,-21.579086366795075,-1.1284055118628176,-1.115280678235543,3.2007000081385653
-37.509192559528614,-40.67926049617735,-19.188009899409696,4.165648544609495,-23.556489693834816,-14.610124916110292,-26.03048834327706,17.426039143136787,-10.828457330983797,13.227996547692884,-45.26753385261479,4.132713554964975,-8.922294254483473,-26.584574568831062
-16.35891727876552,-18.029152157656085,-6.765682898940924,0.4120982850785493,-20.154467350323532,2.7444931808373987,-13.022282331702074,-48.22238565413223,-8.026899630669824,8.335964079452136,-24.297717873127336,-3.468765268922284,10.92942562501329,30.260515688866928
-16.13376046711408,-24.760617503618136,-0.7077260472259366,-3.8747976169829546,-18.21137767933839,3.4134989222833405,0.4251195636827947,-13.219333619207099,-10.925037000385188,-0.9409998862460786,-23.76205078209926,27.671949695917245,-41.49386957272915,29.41552470691161
-9.166929417836199,-3.8820924607296754,-16.836948980630627,-10.58973774471543,8.970111459181718,-3.1930611162601097,-11.87365924234799,2.6734134779506036,-14.358020028311307,-7.4443761031250055,-0.24058945211846477,-4.305518129590182,19.391379730800693,-3.644343504673851
8.10841523790285,12.22173436661128,-8.077640031775424,-21.18401013108978,5.140397309133476,-1.859411724439839,9.193930179035956,-22.89861209220194,-32.281586511657494,27.832274602314026,-3.634391309788309,-11.969025012932333,-18.240686008625147,5.1724257814347245
5.085152605678785,-19.097235571808884,-11.764001037802668,-14.538914095290632,-12.917061332535056,-36.65911900874965,-31.03502911314986,6.066091132417454,-28.060689143426714,-50.695178951883165,4.0497144137844066,-27.536072660219173,-8.522057179874901,-25.20439003849596
4.053748662841488,-30.789960108498782,7.880435065051132,16.99889427059138,-13.929424463356074,25.626285279167966,2.9911177323266025,-6.950903136625599,-30.170280160735835,-34.043182403999694,-31.20179659538356,-24.498075951930577,-31.391752796049772,-32.379806537785214
-25.012640484660437,-29.50047778813229,-7.574424741051658,-19.348358059018036,-18.02838740317264,-7.132500146300764,-3.5173464650194237,-34.15857936306997,20.769906914735728,8.146026667207357,10.4511590001565,1.1383793122470889,-7.6713610241508,-23.079023949063952
8.317212728842215,-0.570195710142676,19.348503822424263,13.334827475236827,-4.316272162677308,15.752195093577859,-1.6927643731608888,-4.697228899189665,7.7858030001742655,-8.209629387027663,-18.394189103853797,-29.485467937549032,-30.656458590562615,1.881104468418038
-2.279232950603349,-7.329325708520766,-16.710125417922164,-18.96162336757054,0.8660336238461369,-3.877195558261256,10.395112280354338,-14.222653407822772,-6.101968075794501,5.423613251095606,-17.071215529501835,-12.425972211756019,13.7726585922311,-8.900301147807308
-6.388799064962796,-2.8485571096151063,-7.163678702540412,-14.965483495312663,-14.910121587792077,9.70999152604846,-33.354409637051184,-13.87775840517211,-17.442353707695414,11.65657982634407,-2.415327906938688,-12.340995397118531,-4.3410940698411125,0.940935372661455
1.4322364653984776,-18.405739097879856,6.797354245307738,-12.089157313112329,-14.80545213109389,21.54498005019969,-19.493079451229583,1.287814300674007,21.202799706427676,19.88599718740893,-11.323060091950381,-7.627317887583366,9.500362189156363,10.753102585060386
-27.117629754256047,-35.607875042856094,-9.707361409201699,-13.684634611865556,-24.609556506599002,-6.886553607503913,-16.780836011170397,-5.87672813279493,-1.523336173227937,11.802303681136731,6.807267758469784,-18.292210260514228,7.50995729628583,-4.078477974793102
-49.10077429830223,-11.615588019188781,-9.35786081018658,-40.05805593967197,-5.212977966383192,-29.779297951178744,-2.2534832154213706,-13.970796749337556,-7.8717083906516585,-28.86977680270169,-7.741425406148357,-24.614450029046637,-2.9163769541264766,16.57957387472212
-0.07211192657038627,-38.31696990888793,-8.740588129765564,-8.136041026940273,3.1395152638853014,-33.26985288644943,-21.114931454484232,-4.016035112210911,-9.569148088124296,-11.13924074445928,9.506244705152108,-16.775271745228952,-13.409421584151447,-0.971096888382925
-14.321633543778765,-11.966105446353037,21.369104732075918,-42.856820275138475,9.372531569359916,-8.499935446508182,-6.907652289033363,-15.486350514901044,-8.637178050792231,-23.266136751527622,-6.910006968880113,14.26066080499906,-18.834746171047886,-12.60219027422342
-23.670825584626698,-0.7461567443282547,9.731375458158844,16.751682077458607,-27.223051429567885,-17.60045306420819,-18.584579680280942,8.489527765997522,-6.439599650161955,-21.985914365331112,-11.797359510190155,-5.858283169760473,-27.73580281417623,-44.47734748155381
-6.689885617619916,-12.427008811439133,22.576625865865793,6.156550489147902,-1.1072279875120352,12.2506532664619,-8.764178186211506,-12.795935428666684,8.428735714388372,8.881921357448265,19.587099314869516,7.511937907080396,26.034687292799802,-2.680380005996439
18.672036709714607,-58.60953484130928,0.41045296196744857,2.4253202870113997,-23.720266355714664,-5.291273137232071,-24.623357677915088,0.9379722241367492,10.03210408915726,14.416838289370629,-7.7278840246944345,-5.695641095205676,-25.78128833249652,-15.107816724519806
0.8152945701825666,-18.330836113455717,-10.876780224960731,-1.0328808238937406,-5.346974710622722,2.0259010349084026,-21.342627913688602,-28.235481794576838,-38.52030362411876,-23.857012912266942,-15.632844270761007,5.880964168186239,-10.797085123602825,-0.785510298646531
-31.49661962436992,-22.859312000880426,-7.833318239424609,7.785291651880426,-5.2085778845935105,-17.96092106880403,-5.3420789617334705,-4.264540410946708,-22.498742487435624,-18.945018276313906,-21.79895876605018,2.449401144642142,-32.35992049056364,-4.964018270422021
13.403712354193374,1.5014412090633893,-10.985699984386002,23.2287108660231,22.423108023754452,23.359443952697237,-14.829557513500008,-33.48370457006686,29.938830471715733,-20.19337439193518,17.075337465734908,-24.04543466460874,-24.975374218811975,-5.961714179465841
16.816149972231667,-21.98245600439411,-26.349605842284767,-22.789661599717085,3.412993595007454,-3.959069061768994,8.8968688627494,-16.60949247038486,19.957849970778806,-2.9725246229333355,-0.8016931416847412,5.207336587446388,-62.532015011982715,-11.794719890674468
-29.81307446202436,2.711404199326615,-9.0028581871765,-3.5479743861566386,-30.230415915345127,1.7574614316326547,-30.876204321387096,-15.447701744900165,16.69468429367969,-1.210122719108039,26.750638727457503,10.477834647739543,-25.28256944093248,-5.519956638693324
4.493044626547468,16.529296083130845,-21.32454145477639,-41.49230727935701,-38.37499149292741,-16.71120224894051,-13.031541257338414,4.650005548442087,-17.901479823065113,-17.16231537603779,-4.274668983472179,-17.00547638164876,8.03525209757329,3.4747400201171827
-32.53060996804815,-1.130700612073626,-5.89636074764059,5.774308992181479,-13.652571180278212,-14.195824177567076,-3.405520779188115,-26.15817305962776,1.2057882541087204,35.33293433568771,4.849569638527175,14.19847625914099,-43.55289436685751,-9.26899798418604
-19.328978121446017,10.141821479257546,-22.302824809167408,-3.254814702726147,-14.538265040219638,3.5731651725101687,-18.545765034149955,-13.229196262779801,0.31692511056034267,-2.0962513732872314,-13.457822044444862,-3.973844918786753,18.357862033418034,-6.727239503155572
15.016863623587087,-5.501255380531954,-20.230245027137578,9.87710918257962,-25.53417590481312,-24.45178337570794,10.305265690361088,-4.3298075120952095,-37.94220152046664,-12.94269630213028,-24.761321875733817,-37.25204447413121,-0.8443900272091465,8.45342664753456
-7.834681235517196,-9.229861735865764,17.60823881707131,1.0732644521340113,-28.075411384881903,20.88471742892231,-21.60698251706223,3.979596820825578,17.978847195013447,-14.490612627579623,6.420431408838059,-10.207354190432715,-24.168726794412105,-1.5546072836739386
-31.807196779624526,-26.190931684354766,-3.307744438970091,-1.1405421567657335,17.34167347334056,8.693964509699331,-1.2709267960448063,-14.13825838889395,20.715303885149602,12.381149071737914,-9.363561915865963,-58.74737339822243,-38.46960779216372,-4.2283180330718055
10.18018853788704,-35.15739058473015,-44.05300222728606,4.2910105083051695,2.4247324962349266,6.372612122505522,-14.430041025461314,-20.412895028797603,4.974475327710593,-10.805365679981854,-0.08072891077955585,-5.425841515149739,-5.373959787894016,-16.318563645143595
19.01765922859032,-18.887762357479055,-17.634076325248458,-23.18600422045031,-26.454330645996713,-22.91566097490169,-10.792630416945734,42.81386569244634,-13.310659152496799,-36.6963799217242,-23.89699029805083,-4.967848490016151,4.519647705250264,-25.89376043787584
16.992203140936777,-2.3717454740991974,0.8597799747259799,-5.348443226189921,27.39828591591009,-17.605851330516444,-24.917944717540042,-3.3472469451307267,13.616811620680771,-23.27731529455495,-10.046289655276727,26.097461758946483,-10.862387214455726,-7.0645733223489575
15.633291765810773,-8.235677747658778,-9.380203379686012,-45.244416121476156,-2.7704788801989677,16.796238533041635,20.111672022790223,3.0756734541785065,5.573290725318356,10.574760329004114,-12.51548558392965,-10.803681914378222,-2.1548706320464786,-32.23428898740331
-26.23433732811555,5.004545155852486,-2.658459895848926,12.171229459734139,-5.231019517714528,-23.806498054647466,-14.555065802616497,-12.5548859738454,-17.94114560774121,7.730494438649788,20.87999671378112,-5.02295536791778,20.00913769509241,-25.898530481593284
-6.0691338074824355,3.525286784241858,-4.529262299485213,-26.116487322487988,-21.995988718947157,19.061388787208802,2.501830967995199,-12.213210429579346,0.3954983263369086,-26.934460095994098,28.307752180198076,-4.896758432383346,3.184487592329963,6.273908587900881
-0.25694539326301086,49.29719428592289,-15.074495797373999,-24.809641541344618,17.276677869342393,23.69197566619074,-5.460525738764435,-39.53307846142483,-22.134341193870682,3.6504255140806103,10.349329316699173,0.6219503926540655,-14.114560884836486,-1.7678877751829392
-59.62089383878525,-11.258645850385363,19.455505448514053,-10.66187448008669,0.46291661757988567,-4.464910239926582,-3.1503707301971287,-3.8517620691404404,-46.251031163730445,12.02037938137184,-16.581761015493033,-20.72686609290954,9.503798789126995,0.9473357834502576
-28.468320769547937,10.785388944990174,-5.0567505914050255,-17.205742318386704,-1.7404265111077708,26.890485765448656,-36.632578500453505,-3.895484046499528,1.9738140001078202,1.6218433435202242,-34.0165097810534,-20.21297922536488,-24.37306762783967,-8.365121316909176
-25.758417481888586,-11.119302973292012,22.58677310901658,0.7953711918762676,-30.17644375451942,49.19666107068922,-11.154910254081926,-4.66723933938599,-28.805865296470472,-10.210096997503703,-6.8339668724016445,-13.308795741034293,-23.42788644583957,12.808425747444444
-49.62853893376484,-0.8804786389537964,6.641143736850442,4.267265008847793,3.6275691190031436,-2.3687784361010302,3.179392894551542,-28.1694214195721,-32.72416741270789,-9.389835526646987,-15.250293755651604,-1.1343892518232632,17.225788076387424,-5.85821597596687
6.09087609970485,-24.587946886957777,-24.991653795380795,2.3276403987720378,-23.808654040502226,-21.441156433077417,18.74138894653028,4.940998950657357,-2.4840892858475128,22.581856080946782,-10.898567035297525,-31.300014549847667,2.090474418648894,-23.839030883292512
-51.36404874232851,0.3584324315181831,13.709539967298863,-25.764352721203295,12.191875696594302,5.615498953686267,-12.910925010972834,-12.373996588459343,-27.96594456408026,9.084147421072194,2.924740150927873,9.594074290533124,-25.787884210738387,-4.018088203673411
-33.523265696861166,-8.77356333734736,8.63519080669784,8.017701171212968,-28.887685628959144,-28.008854203998546,31.092379260316953,3.42990638042882,4.299981467174165,-4.432666352500748,-10.83949942942195,-5.900566783035638,-11.582044353226266,37.495234768202046
16.409198074411567,8.44670825665395,-1.5169818648696973,-7.391769793368812,-18.272266007284045,8.822183155142195,6.239333504098544,-8.887425620345244,10.454614880652807,-15.056053633882762,0.5419356094165869,2.873900733754138,37.24781720179148,-17.427296004474357
1.1364565281450676,-3.8626829487932364,6.729695311384143,-9.523207618366364,-19.44286905671981,5.822057583514514,19.21665703421412,6.559705953595904,-1.5911190906925419,-23.99613692299958,10.134531183189782,-12.975355068730542,8.555817684178963,-5.295206888384575
-3.887102966248591,0.13073327657303235,-8.74483148278342,-25.88220129740769,0.6231834503628708,4.6105258707181385,-6.5195761996747885,-15.73812131379174,-15.481909837161252,-2.065941559473399,-18.371419276812432,-1.4085702412730996,-39.66336749040829,-7.333495393330243
-7.034241313839184,-21.490860912471135,-5.266279926494208,-20.2591895057648,-3.205495354612443,-7.582260063280319,8.419202615010226,-13.862932491762477,-32.718755366830685,0.6272608596878144,-5.25437478225576,7.995359969370794,-40.25505769172556,-10.999327967852688
-6.213593259079622,-13.372856272801542,-21.072374341931695,1.6931321678985005,-24.925405540291976,-3.600264981751266,9.476053833391447,26.178945472760667,27.781608557338572,-1.7965393704623405,-31.034367096899047,27.235266065442087,-25.685879416598272,-12.66111122336403
-4.906253628787478,3.5682870079370086,-25.636589432882328,-13.477338640480111,-58.07375935972813,-11.598409266631199,-18.369092740348112,-14.763294245743548,-15.045460382408791,-7.870486142139589,-15.670632392893394,-25.453295978411752,-0.7793438261425495,22.34991435847538
-1.0518041770565556,-10.923529273829189,-11.218020822382464,-23.150619378641288,-27.31683681934199,-22.196860389063104,8.837694573628758,14.260293229850614,-31.74401731804506,2.0984922490666253,-42.19422914731893,-2.4967090653807005,-25.515713187295738,12.744659177444834
-19.396902088048236,-2.829743105506182,-20.04228082206974,-30.033769025033017,-16.751644317095714,-5.642399744907832,13.856159144597038,-13.72821659404538,-25.883861536619055,-21.49634552879961,-42.91215785672553,-41.66493328039539,-8.57870780211986,-32.20854130047523
-36.102311866174645,-24.914919299983875,5.678371993968368,-11.341937010836805,-4.188759111312883,-11.453802440199105,-19.29657699765979,-32.26415031087158,-3.086484087642057,2.5008158501787823,0.20905969148984366,-26.971359584957785,-24.775220223687082,-2.1364044476849573
44.91729208352256,13.198856853630499,8.832042688352052,0.4318251033745659,-7.7727161507919345,1.7887996485112645,30.395453005391527,-40.41958179068896,0.1507514682018915,3.6068996068864774,-25.44380817009747,-1.9418628938092477,-28.411103321093883,-1.8951733742211387
-10.732957296508653,-21.072420228944367,-32.28665848154182,1.296253330947083,-9.132215302221338,-17.06973605685915,0.6920965028338317,-11.0873843816019,18.312484865706697,-3.485268271799209,1.8583482279207022,0.8956599193216614,-27.07859750784514,-16.93531547274317
-11.63612449729826,14.426169167207378,-17.66657848207925,-29.799245862082365,-24.079609480584054,-10.779601304774218,-6.546154993309782,13.604967659653667,12.998064204290204,-47.59929581797202,-6.9588925746168036,24.983411718215315,-36.364356556992554,-19.443997648472145
-17.086477481503383,-21.936921558330795,6.836391884670696,9.295688059036936,-8.800419624784634,-0.11933535636787428,-26.10253473821122,-12.22903039971395,-5.987209417554501,41.13059888577393,-11.298815662821578,-0.8746885132088525,-19.444069911707537,-14.728525768141926
-11.546675036040934,-2.24321534260668,16.268501263467275,12.95037015133668,-24.906852832655694,2.194877704662611,-3.511737185059152,5.084202027533372,-5.624808827575505,-10.21854910057913,-3.490074848878191,-10.6565591506421,-0.3279734885543858,2.7961865197938844
-30.772482031089815,-18.73082252409951,-8.016736936996125,-15.642875325730849,-31.199081648826397,8.889048339771431,-15.570114811416994,-13.939435398163775,9.796996034758912,-6.929772485277248,-25.15976730928457,-34.90933095396383,-28.536119407254795,-17.742823625456204
-5.297976968511756,-29.865307060189267,-20.7167657563939,-33.85257261523735,-13.738876695114456,-29.898501546580583,-15.460909875862574,31.43749032437149,-9.700843732505145,-44.34584757969333,-11.672414378027725,-16.543905812910026,-11.044224812686526,-15.150486939231358
-14.97404694207736,-21.368691625780645,27.43422187537491,-34.3484442037601,-9.861727218374437,-21.20789183934114,-1.5625805740385466,-27.960667174172972,-11.840683725891893,-0.7505491041752359,-10.539654428042928,9.011112002457962,-11.107733214810812,-35.44032973183533
-7.112355612882196,-2.0470945256907616,-7.437683201506812,-56.83000872398651,28.982479395430147,-18.87240983387417,-3.7234955931421405,-56.97832832974554,-3.934440461186377,9.607861857807785,-15.838006693377332,-16.2177501374495,-9.614710420090999,-32.3481983398978
-12.908574119424069,-12.364695375641123,46.595768879304515,-5.022737203649548,-13.541648621087033,9.957269966369042,-17.4670222629822,-5.553664730635086,-21.61113725120326,-15.076868908039604,-5.193679730646609,-18.455977715261017,-13.701082129070945,0.1345181513029705
-42.66815018348267,-0.9518452698747387,13.470784066568541,-8.173931234543751,-0.8511421559972532,-24.68627496536158,22.66357450830374,0.5091640249599377,-33.35521051976421,-1.2665218444060664,25.4328440178421,20.933293195530393,7.3239279297571915,-3.5940109702354
-28.328809646021934,1.5315543339495465,-11.29583951142434,-7.884956220952055,-17.99430178610949,-26.67929720262411,-15.92565191902945,11.607301540363085,-41.741669558555806,-37.30275241870843,-6.160115487350485,-14.259881470800574,-17.129841037490294,-14.957416971581967
-11.055599449310815,18.72215850464525,14.138109000014733,-17.777948896328073,-20.134254907887097,-51.33147772258748,-11.149246875072569,-4.141018514849266,8.953300996371672,17.630229711852134,4.465020761435558,-50.497503863628665,-24.7722556954367,-20.051551943227366
12.980402979784529,-22.126995307688,-30.452891489131805,-37.70516374143933,-38.17956680751278,-28.455625926223842,-12.763562908565628,-12.42829729257808,-36.62704762437603,-24.11135578420481,-21.739896842689618,-29.0478317825377,-9.672313525447885,-17.620737674761944
-10.568194751789799,3.960249087750304,23.89499216116091,5.426147297616034,-13.311647941624924,-29.25838904953388,35.475052495205915,12.196777414319758,-27.19098943433984,-3.2420744688858543,-19.401874098022784,2.0674328271694566,-13.54381107741665,8.63520111737819
-19.627484278785317,7.485624373602789,-5.640258628070349,-2.687773104895804,-29.006089082416747,-15.546367355661005,9.877457880922467,-39.33169153167906,-8.566803866264442,2.652047384726141,-3.357658680874081,10.889317902716286,-20.9987872440551,-12.635241965889879
-1.7010731621208792,-28.277804830787254,9.894697087229343,-51.893557987983606,-1.26639560794738,-4.1646648782935785,0.6324952845331838,-26.436018608839383,-14.532734791604065,32.05362850442805,-8.670442791833501,-14.571095677375347,6.96148030474485,-44.78079567140697
-20.34444032525557,7.321133562752518,-28.491080168378378,-29.32590160105371,17.929692210622054,-14.710244338939894,1.7215761092181547,4.102019468581993,-7.406085307424411,0.9134765842073934,32.77455332397857,-11.860374518976496,3.0325894883178055,-2.6082120589963633
7.939968229608286,-15.437856590872169,8.692671290081272,3.646002496546989,-22.16369170471817,19.885157696154245,-9.844489856348364,0.426285247660436,22.97562144305967,-26.012015763924456,-9.506773873169882,-23.47012463252082,5.851717040426677,-24.432298289085637
7.219376798167953,-5.175866593655288,-16.924028301375813,-4.572171379721892,1.7505381873963712,-20.476030669514422,10.56742877937578,-4.008127474056134,12.950608468077357,-20.69821843673274,-1.1892975313540153,-17.714603785375928,35.99050821184972,-16.643486336529477
-35.02875980051939,-29.91928137691411,-0.770573796198336,-11.007432432013925,-25.194726897199427,-15.90393521675528,4.654804074376094,-9.394337230309194,2.786361206349847,-28.662699504414583,16.680279440877207,1.637965841637572,-27.432767013029984,-7.9801699702472595
-16.317777299827398,20.276268868799114,-14.630089996284719,0.6503802369655147,3.5369864522620316,-13.493016518413857,-22.94009520579827,-34.2895934293946,-24.62982543481623,15.731932301396599,5.23904926528213,-48.073648738313466,1.416306910507066,56.81055774703579
-13.197670256069957,15.797110169958291,-10.478446588018599,21.38642162873058,-4.637695671803366,-28.044445775282743,3.4352487112939336,20.69093874870592,-7.8068139001653964,9.95575113800056,-7.770708726794853,-13.780139512749535,-24.329369660338735,-2.721051873743534
-27.84347233856399,5.437926490942839,-30.913079223002207,-1.1372741372751798,16.088887603994426,-16.416011231064957,-21.29001689172144,7.500830288386964,-28.41632804994226,5.310264099637692,-1.662606165736242,-7.799097000335675,-27.61422736104458,-23.11431724637701
-37.07255164072984,-28.50258358461042,3.2395125193786316,-27.203666987375737,-12.182001810660607,-31.70165689158772,-2.1875386004807758,-7.824167688340436,1.480154290740969,-4.565229348295557,1.8532430749397653,-5.345273221498834,-30.66391553596446,-0.20070064404727953
5.498219111706791,17.919163323976292,12.88033298622999,-0.942741369293234,2.8515971906912063,-71.88146928012068,-18.084570617575146,-18.81953924130969,-25.006652467998126,-26.72325801419041,-7.456457893599799,-7.975546120837953,-3.6414852251533345,-10.509252870667375
-37.611527790869786,-9.50703612537532,0.9391219557499165,-7.10680566744596,-11.731495344730538,-17.518498744118183,-20.758771088797193,-25.474425589107792,33.222701109733855,-15.970168661087383,6.433734256002179,-14.128348375791733,-11.15535131974574,-18.94510101337064
11.282960230367147,-29.112326571310152,-50.16764248879205,-16.262277526339933,-21.774984840267596,8.988971993139206,-56.5886359925434,-9.483823355569102,-15.860050055527525,-13.416506304495773,-12.353153032552157,-21.26962639662653,-3.4864227459645605,19.16549265430396
-34.94891772604908,4.028057486271936,-2.9748000757613373,-21.705278253702133,-10.684739493669447,14.593759141239907,-41.56199845879627,-9.108229109762389,-38.59463025272016,-32.75791214500977,-7.334259652170349,14.22483214678997,-3.0564759561975214,-6.538561146821858
-34.746238532970466,7.3954411974499115,1.0371785611797228,-9.256646788867373,-16.15034662033111,-3.0952583268516327,-0.41915019157074945,-8.720230336446797,9.652737415709222,6.828284030262575,0.18249645162344236,-15.481318115993556,9.563733937736508,-4.301090012667962
-10.9305637685966,-16.751659279450465,1.9694535587121083,-33.375760184430675,-23.289326543656077,-21.868375673805982,-11.40451951840698,-22.44930033415003,-11.823504969857144,-12.383018395505786,-10.99461404123127,-54.49300117426543,-16.488489298103563,-11.406448670097072
-11.22273441408505,-40.14113522014767,-35.693202485914135,7.631635526943111,-18.410209163381165,-3.4115206270015577,13.823073804379076,-14.690278778434646,-32.63292296943231,-0.12390612050307899,-45.88030204299409,-4.443869636627047,-12.758669027694287,17.948170433348118
-27.468319399532238,39.16497420563943,4.166118991191047,-27.802554862509,1.310931549766537,-29.576805972682493,5.262447112188857,-34.13732595404445,14.36393830605983,-5.616986178572008,7.477439280554987,-26.27364559190619,2.2490998984638,-16.695510716593667
-20.24151263612555,38.998078529122694,-16.772988501860475,-16.16742403240309,-7.129518407113945,6.046184150445992,60.91344705837815,-15.832064092202003,-12.004577194432146,3.2522977795662853,-3.8450476357818837,-5.6639207643486085,-25.150618918892746,-17.02331995752243
